{"cameraMode":{"drawMode":0,"name":"Shaded","section":"Shading Mode"},"sceneLighting":false,"audioPlay":false,"sceneViewState":{"m_AlwaysRefresh":false,"showFog":true,"showSkybox":false,"showFlares":true,"showImageEffects":true,"showParticleSystems":true,"showVisualEffectGraphs":true,"m_FxEnabled":true},"in2DMode":false,"pivot":{"x":0.1991405487060547,"y":1.1212639808654786,"z":-0.4580000042915344},"rotation":{"x":-0.12842300534248353,"y":0.30331262946128847,"z":-0.04129640385508537,"w":-0.9433183670043945},"size":0.5545268058776856,"orthographic":false}