{"cameraMode":{"drawMode":0,"name":"Shaded","section":"Shading Mode"},"sceneLighting":false,"audioPlay":false,"sceneViewState":{"m_AlwaysRefresh":false,"showFog":true,"showSkybox":false,"showFlares":true,"showImageEffects":true,"showParticleSystems":true,"showVisualEffectGraphs":true,"m_FxEnabled":true},"in2DMode":false,"pivot":{"x":0.0078231580555439,"y":0.044946517795324329,"z":0.31188541650772097},"rotation":{"x":0.049953341484069827,"y":-0.9210876822471619,"z":0.12928660213947297,"w":0.36468908190727236},"size":0.6943403482437134,"orthographic":false}