{"cameraMode":{"drawMode":0,"name":"Shaded","section":"Shading Mode"},"sceneLighting":false,"audioPlay":false,"sceneViewState":{"m_AlwaysRefresh":false,"showFog":true,"showSkybox":false,"showFlares":true,"showImageEffects":true,"showParticleSystems":true,"showVisualEffectGraphs":true,"m_FxEnabled":true},"in2DMode":false,"pivot":{"x":-0.5055163502693176,"y":0.2010987102985382,"z":0.09358774125576019},"rotation":{"x":0.23595167696475984,"y":0.213057279586792,"z":-0.052186064422130588,"w":0.9469682574272156},"size":0.5545268654823303,"orthographic":false}