{"cameraMode":{"drawMode":0,"name":"Shaded","section":"Shading Mode"},"sceneLighting":false,"audioPlay":false,"sceneViewState":{"m_AlwaysRefresh":false,"showFog":true,"showSkybox":false,"showFlares":true,"showImageEffects":true,"showParticleSystems":true,"showVisualEffectGraphs":true,"m_FxEnabled":true},"in2DMode":false,"pivot":{"x":1.1321479082107545,"y":0.13014273345470429,"z":-0.17859004437923432},"rotation":{"x":-0.06788221746683121,"y":0.6693168878555298,"z":-0.06162290275096893,"w":-0.7373114228248596},"size":0.8660253882408142,"orthographic":false}