{"cameraMode":{"drawMode":0,"name":"Shaded","section":"Shading Mode"},"sceneLighting":false,"audioPlay":false,"sceneViewState":{"m_AlwaysRefresh":false,"showFog":true,"showSkybox":false,"showFlares":true,"showImageEffects":true,"showParticleSystems":true,"showVisualEffectGraphs":true,"m_FxEnabled":true},"in2DMode":false,"pivot":{"x":0.8009940981864929,"y":0.3757452070713043,"z":0.7547126412391663},"rotation":{"x":-0.046639639884233478,"y":0.8616722226142883,"z":-0.08321486413478852,"w":-0.4989997446537018},"size":0.6943403482437134,"orthographic":false}