{"cameraMode":{"drawMode":0,"name":"Shaded","section":"Shading Mode"},"sceneLighting":false,"audioPlay":false,"sceneViewState":{"m_AlwaysRefresh":false,"showFog":true,"showSkybox":false,"showFlares":true,"showImageEffects":true,"showParticleSystems":true,"showVisualEffectGraphs":true,"m_FxEnabled":true},"in2DMode":false,"pivot":{"x":0.08465088158845902,"y":1.5214015245437623,"z":7.5635457038879398},"rotation":{"x":-0.0020807168912142517,"y":0.9895461201667786,"z":-0.143487811088562,"w":-0.01434941217303276},"size":1.3856406211853028,"orthographic":false}