{"cameraMode":{"drawMode":0,"name":"Shaded","section":"Shading Mode"},"sceneLighting":false,"audioPlay":false,"sceneViewState":{"m_AlwaysRefresh":false,"showFog":true,"showSkybox":false,"showFlares":true,"showImageEffects":true,"showParticleSystems":true,"showVisualEffectGraphs":true,"m_FxEnabled":true},"in2DMode":false,"pivot":{"x":0.23603609204292298,"y":-0.3871418535709381,"z":-0.14493633806705476},"rotation":{"x":0.17572669684886933,"y":0.12133874744176865,"z":-0.021889492869377137,"w":0.9768189191818237},"size":0.8076974749565125,"orthographic":false}