{"cameraMode":{"drawMode":0,"name":"Shaded","section":"Shading Mode"},"sceneLighting":true,"audioPlay":false,"sceneViewState":{"m_AlwaysRefresh":false,"showFog":true,"showSkybox":false,"showFlares":true,"showImageEffects":true,"showParticleSystems":true,"showVisualEffectGraphs":true,"m_FxEnabled":true},"in2DMode":false,"pivot":{"x":-0.08225727081298828,"y":0.5745407938957214,"z":-0.044460177421569827},"rotation":{"x":0.14959220588207246,"y":-0.18898020684719087,"z":0.02914225310087204,"w":0.9700877070426941},"size":0.7699808478355408,"orthographic":false}