{"cameraMode":{"drawMode":0,"name":"Shaded","section":"Shading Mode"},"sceneLighting":false,"audioPlay":false,"sceneViewState":{"m_AlwaysRefresh":false,"showFog":true,"showSkybox":false,"showFlares":true,"showImageEffects":true,"showParticleSystems":true,"showVisualEffectGraphs":true,"m_FxEnabled":true},"in2DMode":false,"pivot":{"x":-0.1855716109275818,"y":-0.014591743238270283,"z":-0.1302090734243393},"rotation":{"x":0.01745421253144741,"y":-0.9764838218688965,"z":0.09378319978713989,"w":0.19488385319709779},"size":0.6943403482437134,"orthographic":false}