{"cameraMode":{"drawMode":0,"name":"Shaded","section":"Shading Mode"},"sceneLighting":false,"audioPlay":false,"sceneViewState":{"m_AlwaysRefresh":false,"showFog":true,"showSkybox":false,"showFlares":true,"showImageEffects":true,"showParticleSystems":true,"showVisualEffectGraphs":true,"m_FxEnabled":true},"in2DMode":false,"pivot":{"x":0.3108680546283722,"y":1.48270583152771,"z":3.481111526489258},"rotation":{"x":0.175094872713089,"y":0.005515335127711296,"z":-0.0009846246102824808,"w":0.9845643639564514},"size":0.7073900699615479,"orthographic":false}