{"cameraMode":{"drawMode":0,"name":"Shaded","section":"Shading Mode"},"sceneLighting":false,"audioPlay":false,"sceneViewState":{"m_AlwaysRefresh":false,"showFog":true,"showSkybox":false,"showFlares":true,"showImageEffects":true,"showParticleSystems":true,"showVisualEffectGraphs":true,"m_FxEnabled":true},"in2DMode":false,"pivot":{"x":1.4572854042053223,"y":0.4305330216884613,"z":0.2739085853099823},"rotation":{"x":-0.04154816269874573,"y":0.7773170471191406,"z":-0.05161728337407112,"w":-0.6256316304206848},"size":0.9702603816986084,"orthographic":false}