{"cameraMode":{"drawMode":0,"name":"Shaded","section":"Shading Mode"},"sceneLighting":false,"audioPlay":false,"sceneViewState":{"m_AlwaysRefresh":false,"showFog":true,"showSkybox":false,"showFlares":true,"showImageEffects":true,"showParticleSystems":true,"showVisualEffectGraphs":true,"m_FxEnabled":true},"in2DMode":false,"pivot":{"x":-0.20406140387058259,"y":-0.4662570655345917,"z":0.004826963413506746},"rotation":{"x":0.004296799656003714,"y":-0.5114699006080627,"z":0.002555811544880271,"w":0.8592958450317383},"size":0.8660253882408142,"orthographic":false}