{"cameraMode":{"drawMode":0,"name":"Shaded","section":"Shading Mode"},"sceneLighting":false,"audioPlay":false,"sceneViewState":{"m_AlwaysRefresh":false,"showFog":true,"showSkybox":false,"showFlares":true,"showImageEffects":true,"showParticleSystems":true,"showVisualEffectGraphs":true,"m_FxEnabled":true},"in2DMode":false,"pivot":{"x":-0.41437259316444399,"y":0.3879946768283844,"z":0.03710030019283295},"rotation":{"x":0.03332264721393585,"y":-0.6114554405212402,"z":0.02720421552658081,"w":0.790494978427887},"size":0.6943403482437134,"orthographic":false}