{"cameraMode":{"drawMode":0,"name":"Shaded","section":"Shading Mode"},"sceneLighting":false,"audioPlay":false,"sceneViewState":{"m_AlwaysRefresh":false,"showFog":true,"showSkybox":false,"showFlares":true,"showImageEffects":true,"showParticleSystems":true,"showVisualEffectGraphs":true,"m_FxEnabled":true},"in2DMode":false,"pivot":{"x":-0.6511791348457336,"y":0.08177885413169861,"z":0.7699568867683411},"rotation":{"x":-0.011656193062663079,"y":-0.9894089698791504,"z":0.08413438498973847,"w":-0.12031207233667374},"size":0.6943403482437134,"orthographic":false}