{"cameraMode":{"drawMode":0,"name":"Shaded","section":"Shading Mode"},"sceneLighting":false,"audioPlay":false,"sceneViewState":{"m_AlwaysRefresh":false,"showFog":true,"showSkybox":false,"showFlares":true,"showImageEffects":true,"showParticleSystems":true,"showVisualEffectGraphs":true,"m_FxEnabled":true},"in2DMode":false,"pivot":{"x":-0.04934859275817871,"y":-0.045931100845336917,"z":-0.07471919059753418},"rotation":{"x":-0.16765998303890229,"y":0.45922377705574038,"z":-0.09022922068834305,"w":-0.8680309653282166},"size":4.35359525680542,"orthographic":false}