{"cameraMode":{"drawMode":0,"name":"Shaded","section":"Shading Mode"},"sceneLighting":false,"audioPlay":false,"sceneViewState":{"m_AlwaysRefresh":false,"showFog":true,"showSkybox":false,"showFlares":true,"showImageEffects":true,"showParticleSystems":true,"showVisualEffectGraphs":true,"m_FxEnabled":true},"in2DMode":false,"pivot":{"x":0.15311522781848908,"y":0.03423218056559563,"z":-0.17286232113838197},"rotation":{"x":-0.0813901498913765,"y":-0.8149622082710266,"z":0.11761549860239029,"w":-0.5618561506271362},"size":0.8313629627227783,"orthographic":false}