{"cameraMode":{"drawMode":0,"name":"Shaded","section":"Shading Mode"},"sceneLighting":false,"audioPlay":false,"sceneViewState":{"m_AlwaysRefresh":false,"showFog":true,"showSkybox":false,"showFlares":true,"showImageEffects":true,"showParticleSystems":true,"showVisualEffectGraphs":true,"m_FxEnabled":true},"in2DMode":false,"pivot":{"x":-0.21022750437259675,"y":0.18264856934547425,"z":0.21555215120315553},"rotation":{"x":-0.020773528143763543,"y":-0.9708690047264099,"z":0.08389528095722199,"w":-0.2247711420059204},"size":0.6943403482437134,"orthographic":false}