{"cameraMode":{"drawMode":0,"name":"Shaded","section":"Shading Mode"},"sceneLighting":false,"audioPlay":false,"sceneViewState":{"m_AlwaysRefresh":false,"showFog":true,"showSkybox":false,"showFlares":true,"showImageEffects":true,"showParticleSystems":true,"showVisualEffectGraphs":true,"m_FxEnabled":true},"in2DMode":false,"pivot":{"x":-0.416525274515152,"y":0.4589458107948303,"z":1.0483657121658326},"rotation":{"x":-0.02051628567278385,"y":-0.9811094999313355,"z":0.13707709312438966,"w":-0.13720713555812837},"size":0.6943403482437134,"orthographic":false}