{"cameraMode":{"drawMode":0,"name":"Shaded","section":"Shading Mode"},"sceneLighting":false,"audioPlay":false,"sceneViewState":{"m_AlwaysRefresh":false,"showFog":true,"showSkybox":false,"showFlares":true,"showImageEffects":true,"showParticleSystems":true,"showVisualEffectGraphs":true,"m_FxEnabled":true},"in2DMode":false,"pivot":{"x":0.15313798189163209,"y":1.7405484914779664,"z":24.063453674316408},"rotation":{"x":0.0777713805437088,"y":-0.48224732279777529,"z":0.043034106492996219,"w":0.871533215045929},"size":0.1121191531419754,"orthographic":false}