{"cameraMode":{"drawMode":0,"name":"Shaded","section":"Shading Mode"},"sceneLighting":false,"audioPlay":false,"sceneViewState":{"m_AlwaysRefresh":false,"showFog":true,"showSkybox":false,"showFlares":true,"showImageEffects":true,"showParticleSystems":true,"showVisualEffectGraphs":true,"m_FxEnabled":true},"in2DMode":false,"pivot":{"x":6.774415016174316,"y":1.4877760410308838,"z":-0.3041960299015045},"rotation":{"x":0.17210973799228669,"y":-0.6263142228126526,"z":0.14431199431419373,"w":0.7467322945594788},"size":0.3717047870159149,"orthographic":false}