{"cameraMode":{"drawMode":0,"name":"Shaded","section":"Shading Mode"},"sceneLighting":false,"audioPlay":false,"sceneViewState":{"m_AlwaysRefresh":false,"showFog":true,"showSkybox":false,"showFlares":true,"showImageEffects":true,"showParticleSystems":true,"showVisualEffectGraphs":true,"m_FxEnabled":true},"in2DMode":false,"pivot":{"x":0.7153183221817017,"y":0.3098139762878418,"z":0.47347527742385867},"rotation":{"x":0.113884836435318,"y":-0.8344864845275879,"z":0.19347389042377473,"w":0.5038325786590576},"size":0.6943403482437134,"orthographic":false}