{"cameraMode":{"drawMode":0,"name":"Shaded","section":"Shading Mode"},"sceneLighting":false,"audioPlay":false,"sceneViewState":{"m_AlwaysRefresh":false,"showFog":true,"showSkybox":false,"showFlares":true,"showImageEffects":true,"showParticleSystems":true,"showVisualEffectGraphs":true,"m_FxEnabled":true},"in2DMode":false,"pivot":{"x":0.8661637306213379,"y":0.587905764579773,"z":-0.23057474195957185},"rotation":{"x":0.05656617507338524,"y":-0.42148298025131228,"z":0.026508549228310586,"w":0.9048452973365784},"size":0.8660253882408142,"orthographic":false}