{"cameraMode":{"drawMode":0,"name":"Shaded","section":"Shading Mode"},"sceneLighting":false,"audioPlay":false,"sceneViewState":{"m_AlwaysRefresh":false,"showFog":true,"showSkybox":false,"showFlares":true,"showImageEffects":true,"showParticleSystems":true,"showVisualEffectGraphs":true,"m_FxEnabled":true},"in2DMode":false,"pivot":{"x":0.6886131763458252,"y":0.17137275636196137,"z":0.8814456462860107},"rotation":{"x":0.040096938610076907,"y":-0.9044498205184937,"z":0.08983910083770752,"w":0.41585302352905276},"size":0.6943403482437134,"orthographic":false}