{"cameraMode":{"drawMode":0,"name":"Shaded","section":"Shading Mode"},"sceneLighting":false,"audioPlay":false,"sceneViewState":{"m_AlwaysRefresh":false,"showFog":true,"showSkybox":false,"showFlares":true,"showImageEffects":true,"showParticleSystems":true,"showVisualEffectGraphs":true,"m_FxEnabled":true},"in2DMode":false,"pivot":{"x":-0.08603239804506302,"y":-0.5361247658729553,"z":0.2325097769498825},"rotation":{"x":0.05460895970463753,"y":-0.48285990953445437,"z":0.03033519722521305,"w":0.8736314177513123},"size":0.8660253882408142,"orthographic":false}