{"cameraMode":{"drawMode":0,"name":"Shaded","section":"Shading Mode"},"sceneLighting":false,"audioPlay":false,"sceneViewState":{"m_AlwaysRefresh":false,"showFog":true,"showSkybox":false,"showFlares":true,"showImageEffects":true,"showParticleSystems":true,"showVisualEffectGraphs":true,"m_FxEnabled":true},"in2DMode":false,"pivot":{"x":0.8196678757667542,"y":-1.4996144771575928,"z":3.1702303886413576},"rotation":{"x":0.17916302382946015,"y":0.11979983001947403,"z":-0.021983930841088296,"w":0.9762601852416992},"size":2.575740098953247,"orthographic":false}