{"cameraMode":{"drawMode":0,"name":"Shaded","section":"Shading Mode"},"sceneLighting":false,"audioPlay":false,"sceneViewState":{"m_AlwaysRefresh":false,"showFog":true,"showSkybox":false,"showFlares":true,"showImageEffects":true,"showParticleSystems":true,"showVisualEffectGraphs":true,"m_FxEnabled":true},"in2DMode":false,"pivot":{"x":-0.27416521310806277,"y":0.2045626938343048,"z":1.5041977167129517},"rotation":{"x":-0.07396595925092697,"y":0.9227193593978882,"z":-0.2346530258655548,"w":-0.29779019951820376},"size":0.6943403482437134,"orthographic":false}