{"cameraMode":{"drawMode":0,"name":"Shaded","section":"Shading Mode"},"sceneLighting":true,"audioPlay":false,"sceneViewState":{"m_AlwaysRefresh":false,"showFog":true,"showSkybox":false,"showFlares":true,"showImageEffects":true,"showParticleSystems":true,"showVisualEffectGraphs":true,"m_FxEnabled":true},"in2DMode":false,"pivot":{"x":-8.095093727111817,"y":-2.092745542526245,"z":15.003100395202637},"rotation":{"x":0.06585390865802765,"y":-0.24576804041862489,"z":0.016738198697566987,"w":0.9669505953788757},"size":11.226819038391114,"orthographic":false}